-- phpMyAdmin SQL Dump
-- version 4.6.4
-- https://www.phpmyadmin.net/
--
-- Host: 127.0.0.1
-- Generation Time: Apr 21, 2017 at 08:02 PM
-- Server version: 5.7.14
-- PHP Version: 5.6.25

SET SQL_MODE = "NO_AUTO_VALUE_ON_ZERO";
SET time_zone = "+00:00";


/*!40101 SET @OLD_CHARACTER_SET_CLIENT=@@CHARACTER_SET_CLIENT */;
/*!40101 SET @OLD_CHARACTER_SET_RESULTS=@@CHARACTER_SET_RESULTS */;
/*!40101 SET @OLD_COLLATION_CONNECTION=@@COLLATION_CONNECTION */;
/*!40101 SET NAMES utf8mb4 */;

--
-- Database: `webdesignproject`
--

-- --------------------------------------------------------

--
-- Table structure for table `books_details`
--

CREATE TABLE `books_details` (
  `book_id` int(11) NOT NULL,
  `prod_name` varchar(45) NOT NULL,
  `prod_desc` varchar(600) NOT NULL,
  `picture` varchar(45) NOT NULL,
  `sub_category` varchar(45) NOT NULL,
  `price` int(9) NOT NULL,
  `prod_condition` varchar(45) NOT NULL,
  `purchase_date` int(9) NOT NULL,
  `author` varchar(45) NOT NULL,
  `publication_year` int(9) NOT NULL,
  `edition` varchar(45) NOT NULL,
  `user_id` int(9) NOT NULL
) ENGINE=InnoDB DEFAULT CHARSET=latin1;

--
-- Dumping data for table `books_details`
--

INSERT INTO `books_details` (`book_id`, `prod_name`, `prod_desc`, `picture`, `sub_category`, `price`, `prod_condition`, `purchase_date`, `author`, `publication_year`, `edition`, `user_id`) VALUES
(1, 'Literature Book', 'A good quality product with excellent fablric and design. Inline with the current trends.Reasonable price which will be helpful for college students students enrolled to the university as well as graduate students. Easy to contact the seller of the product. Contact details of the seller provided along with the chat functionality.', 'assests/img/literature_1.jpg', 'Literature', 200, 'New', 2016, 'J.K Rowling', 2000, '2nd Edition', 1),
(2, 'Comics Book', 'A good quality product with excellent fablric and design. Inline with the current trends.Reasonable price which will be helpful for college students students enrolled to the university as well as graduate students. Easy to contact the seller of the product. Contact details of the seller provided along with the chat functionality.', 'assests/img/comics_1.jpg', 'Comics', 50, 'New', 2016, 'Mark Twain', 2001, '2nd Edition', 2),
(3, 'Arts Book', 'A good quality product with excellent fablric and design. Inline with the current trends.Reasonable price which will be helpful for college students students enrolled to the university as well as graduate students. Easy to contact the seller of the product. Contact details of the seller provided along with the chat functionality.', 'assests/img/book_others_1.jpg', 'Others', 150, 'New', 2016, 'J.K Rowling', 2001, '2nd Edition', 3),
(4, 'Comics Book', 'A good quality product with excellent fablric and design. Inline with the current trends.Reasonable price which will be helpful for college students students enrolled to the university as well as graduate students. Easy to contact the seller of the product. Contact details of the seller provided along with the chat functionality.', 'assests/img/comics_2.jpg', 'Comics', 300, 'New', 2016, 'J.K Rowling', 2001, '2nd Edition', 4),
(5, 'Literature Book', 'A good quality product with excellent fablric and design. Inline with the current trends.Reasonable price which will be helpful for college students students enrolled to the university as well as graduate students. Easy to contact the seller of the product. Contact details of the seller provided along with the chat functionality.', 'assests/img/literature_5.png', 'Literature', 520, 'New', 2016, 'J.K Rowling', 2001, '2nd Edition', 4),
(6, 'Science Book', 'A good quality product with excellent fablric and design. Inline with the current trends.Reasonable price which will be helpful for college students students enrolled to the university as well as graduate students. Easy to contact the seller of the product. Contact details of the seller provided along with the chat functionality.', 'assests/img/book_others_2.jpg', 'Others', 30, 'New', 2016, 'J.K Rowling', 2001, '2nd Edition', 4),
(7, 'Literature Book', 'A good quality product with excellent fablric and design. Inline with the current trends.Reasonable price which will be helpful for college students students enrolled to the university as well as graduate students. Easy to contact the seller of the product. Contact details of the seller provided along with the chat functionality.', 'assests/img/literature_7.jpg', 'Literature', 50, 'New', 2016, 'J.K Rowling', 2001, '2nd Edition', 5),
(8, 'Comics Book', 'A good quality product with excellent fablric and design. Inline with the current trends.Reasonable price which will be helpful for college students students enrolled to the university as well as graduate students. Easy to contact the seller of the product. Contact details of the seller provided along with the chat functionality.', 'assests/img/comics_3.jpg', 'Comics', 250, 'New', 2016, 'J.K Rowling', 2001, '2nd Edition', 5),
(9, 'Literature Book', 'A good quality product with excellent fablric and design. Inline with the current trends.Reasonable price which will be helpful for college students students enrolled to the university as well as graduate students. Easy to contact the seller of the product. Contact details of the seller provided along with the chat functionality.', 'assests/img/literature_9.jpg', 'Literature', 80, 'New', 2016, 'J.K Rowling', 2001, '2nd Edition', 5),
(10, 'Literature Book', 'A good quality product with excellent fablric and design. Inline with the current trends.Reasonable price which will be helpful for college students students enrolled to the university as well as graduate students. Easy to contact the seller of the product. Contact details of the seller provided along with the chat functionality.', 'assests/img/literature_2.jpg', 'Literature', 50, 'New', 2016, 'Emile Bronte', 2005, '2nd Edition', 5),
(11, 'Literature Book', 'A good quality product with excellent fablric and design. Inline with the current trends.Reasonable price which will be helpful for college students students enrolled to the university as well as graduate students. Easy to contact the seller of the product. Contact details of the seller provided along with the chat functionality.', 'assests/img/literature_4.jpg', 'Literature', 80, 'New', 2016, 'Emile Bronte', 2005, '2nd Edition', 5),
(12, 'Literature Book', 'A good quality product with excellent fablric and design. Inline with the current trends.Reasonable price which will be helpful for college students students enrolled to the university as well as graduate students. Easy to contact the seller of the product. Contact details of the seller provided along with the chat functionality.', 'assests/img/literature_8.jpg', 'Literature', 200, 'New', 2016, 'Emile Bronte', 2005, '2nd Edition', 5),
(13, 'Comics Book', 'A good quality product with excellent fablric and design. Inline with the current trends.Reasonable price which will be helpful for college students students enrolled to the university as well as graduate students. Easy to contact the seller of the product. Contact details of the seller provided along with the chat functionality.', 'assests/img/comics_4.jpg', 'Comics', 250, 'New', 2013, 'Emile Bronte', 2008, '2nd Edition', 5),
(14, 'Comics Book', 'A good quality product with excellent fablric and design. Inline with the current trends.Reasonable price which will be helpful for college students students enrolled to the university as well as graduate students. Easy to contact the seller of the product. Contact details of the seller provided along with the chat functionality.', 'assests/img/comics_5.jpg', 'Comics', 20, 'New', 2017, 'Emile Bronte', 2008, '2nd Edition', 5),
(15, 'Comics Book', 'A good quality product with excellent fablric and design. Inline with the current trends.Reasonable price which will be helpful for college students students enrolled to the university as well as graduate students. Easy to contact the seller of the product. Contact details of the seller provided along with the chat functionality.', 'assests/img/comics_6.jpg', 'Comics', 90, 'New', 2016, 'Emile Bronte', 2008, '2nd Edition', 5),
(16, 'Comics Book', 'A good quality product with excellent fablric and design. Inline with the current trends.Reasonable price which will be helpful for college students students enrolled to the university as well as graduate students. Easy to contact the seller of the product. Contact details of the seller provided along with the chat functionality.', 'assests/img/comics_7.jpg', 'Comics', 90, 'New', 2015, 'Emile Bronte', 2009, '2nd Edition', 5),
(17, 'Comics Book', 'A good quality product with excellent fablric and design. Inline with the current trends.Reasonable price which will be helpful for college students students enrolled to the university as well as graduate students. Easy to contact the seller of the product. Contact details of the seller provided along with the chat functionality.', 'assests/img/comics_8.jpg', 'Comics', 120, 'New', 2016, 'Emile Bronte', 2009, '2nd Edition', 5),
(18, 'Comics Book', 'A good quality product with excellent fablric and design. Inline with the current trends.Reasonable price which will be helpful for college students students enrolled to the university as well as graduate students. Easy to contact the seller of the product. Contact details of the seller provided along with the chat functionality.', 'assests/img/comics_9.jpg', 'Comics', 250, 'New', 2016, 'Emile Bronte', 2009, '2nd Edition', 5),
(19, 'Literature Book', 'A good quality product with excellent fablric and design. Inline with the current trends.Reasonable price which will be helpful for college students students enrolled to the university as well as graduate students. Easy to contact the seller of the product. Contact details of the seller provided along with the chat functionality.', 'assests/img/literature_3.jpg', 'Others', 250, 'New', 2014, 'Emile Bronte', 2009, '2nd Edition', 6),
(20, 'Literature Book', 'A good quality product with excellent fablric and design. Inline with the current trends.Reasonable price which will be helpful for college students students enrolled to the university as well as graduate students. Easy to contact the seller of the product. Contact details of the seller provided along with the chat functionality.', 'assests/img/literature_6.jpg', 'Literature', 30, 'New', 2015, 'Emile Bronte', 2009, '2nd Edition', 6),
(21, 'History Book', 'A good quality product with excellent fablric and design. Inline with the current trends.Reasonable price which will be helpful for college students students enrolled to the university as well as graduate students. Easy to contact the seller of the product. Contact details of the seller provided along with the chat functionality.', 'assests/img/book_others_3.jpg', 'Others', 80, 'New', 2015, 'Emile Bronte', 2009, '2nd Edition', 6),
(22, 'Geography Book', 'A good quality product with excellent fablric and design. Inline with the current trends.Reasonable price which will be helpful for college students students enrolled to the university as well as graduate students. Easy to contact the seller of the product. Contact details of the seller provided along with the chat functionality.', 'assests/img/book_others_4.jpg', 'Others', 300, 'New', 2012, 'Emile Bronte', 2009, '2nd Edition', 6),
(23, 'Civics Book', 'A good quality product with excellent fablric and design. Inline with the current trends.Reasonable price which will be helpful for college students students enrolled to the university as well as graduate students. Easy to contact the seller of the product. Contact details of the seller provided along with the chat functionality.', 'assests/img/book_others_5.jpg', 'Others', 350, 'New', 2012, 'Emile Bronte', 2009, '2nd Edition', 6),
(24, 'Sanskrit Book', 'A good quality product with excellent fablric and design. Inline with the current trends.Reasonable price which will be helpful for college students students enrolled to the university as well as graduate students. Easy to contact the seller of the product. Contact details of the seller provided along with the chat functionality.', 'assests/img/book_others_6.jpg', 'Others', 520, 'New', 2017, 'Emile Bronte', 2009, '2nd Edition', 6),
(25, 'Maths Book', 'A good quality product with excellent fablric and design. Inline with the current trends.Reasonable price which will be helpful for college students students enrolled to the university as well as graduate students. Easy to contact the seller of the product. Contact details of the seller provided along with the chat functionality.', 'assests/img/book_others_7.jpg', 'Others', 100, 'New', 2017, 'Emile Bronte', 2009, '2nd Edition', 6),
(26, 'Commerce Book', 'A good quality product with excellent fablric and design. Inline with the current trends.Reasonable price which will be helpful for college students students enrolled to the university as well as graduate students. Easy to contact the seller of the product. Contact details of the seller provided along with the chat functionality.', 'assests/img/book_others_8.jpg', 'Others', 180, 'New', 2017, 'Emile Bronte', 2009, '2nd Edition', 6),
(27, 'GRE Book', 'A good quality product with excellent fablric and design. Inline with the current trends.Reasonable price which will be helpful for college students students enrolled to the university as well as graduate students. Easy to contact the seller of the product. Contact details of the seller provided along with the chat functionality.', 'assests/img/book_others_9.jpg', 'Others', 70, 'New', 2017, 'Emile Bronte', 2009, '2nd Edition', 6);

-- --------------------------------------------------------

--
-- Table structure for table `electronics_details`
--

CREATE TABLE `electronics_details` (
  `user_id` int(11) NOT NULL,
  `prod_name` varchar(45) NOT NULL,
  `prod_desc` varchar(800) NOT NULL,
  `picture` varchar(100) NOT NULL,
  `sub_category` varchar(45) NOT NULL,
  `price` int(9) NOT NULL,
  `prod_condition` varchar(45) NOT NULL,
  `purchase_date` int(45) NOT NULL,
  `warranty` varchar(45) NOT NULL,
  `color` varchar(45) NOT NULL,
  `brand` varchar(45) NOT NULL,
  `accessories` varchar(45) NOT NULL
) ENGINE=InnoDB DEFAULT CHARSET=latin1;

--
-- Dumping data for table `electronics_details`
--

INSERT INTO `electronics_details` (`user_id`, `prod_name`, `prod_desc`, `picture`, `sub_category`, `price`, `prod_condition`, `purchase_date`, `warranty`, `color`, `brand`, `accessories`) VALUES
(1, 'Laptop', 'A good quality product with excellent fablric and design. Inline with the current trends.Reasonable price which will be helpful for college students students enrolled to the university as well as graduate students. Easy to contact the seller of the product. Contact details of the seller provided along with the chat functionality.', 'assests/img/laptop_1.jpg', 'Laptops', 700, 'New', 2016, '2 Years', 'Black', 'Dell', 'Yes'),
(3, 'Laptop', 'A good quality product with excellent fablric and design. Inline with the current trends.Reasonable price which will be helpful for college students students enrolled to the university as well as graduate students. Easy to contact the seller of the product. Contact details of the seller provided along with the chat functionality.', 'assests/img/laptop_3.jpg', 'Laptops', 1000, 'New', 2017, '2 Years', 'Black', 'Lenovo', 'Yes'),
(4, 'Laptop', 'A good quality product with excellent fablric and design. Inline with the current trends.Reasonable price which will be helpful for college students students enrolled to the university as well as graduate students. Easy to contact the seller of the product. Contact details of the seller provided along with the chat functionality.', 'assests/img/laptop_4.jpg', 'Laptops', 1200, 'New', 2017, '2 Years', 'Silver', 'Mac', 'Yes'),
(5, 'Laptop', 'A good quality product with excellent fablric and design. Inline with the current trends.Reasonable price which will be helpful for college students students enrolled to the university as well as graduate students. Easy to contact the seller of the product. Contact details of the seller provided along with the chat functionality.', 'assests/img/laptop_5.jpg', 'Laptops', 500, 'New', 2017, '2 Years', 'Black', 'Acer', 'Yes'),
(6, 'Laptop', 'A good quality product with excellent fablric and design. Inline with the current trends.Reasonable price which will be helpful for college students students enrolled to the university as well as graduate students. Easy to contact the seller of the product. Contact details of the seller provided along with the chat functionality.', 'assests/img/laptop_6.jpg', 'Laptops', 800, 'New', 2017, '2 Years', 'Silver', 'Dell', 'Yes'),
(7, 'Laptop', 'A good quality product with excellent fablric and design. Inline with the current trends.Reasonable price which will be helpful for college students students enrolled to the university as well as graduate students. Easy to contact the seller of the product. Contact details of the seller provided along with the chat functionality.', 'assests/img/laptop_7.jpg', 'Laptops', 900, 'New', 2017, '2 Years', 'Black', 'Lenovo', 'Yes'),
(8, 'Laptop', 'A good quality product with excellent fablric and design. Inline with the current trends.Reasonable price which will be helpful for college students students enrolled to the university as well as graduate students. Easy to contact the seller of the product. Contact details of the seller provided along with the chat functionality.', 'assests/img/laptop_8.jpg', 'Laptops', 200, 'New', 2017, '2 Years', 'Black', 'Toshiba', 'Yes'),
(9, 'Laptop', 'A good quality product with excellent fablric and design. Inline with the current trends.Reasonable price which will be helpful for college students students enrolled to the university as well as graduate students. Easy to contact the seller of the product. Contact details of the seller provided along with the chat functionality.', 'assests/img/laptop_9.jpg', 'Laptops', 300, 'New', 2017, '2 Years', 'Black', 'Toshiba', 'Yes'),
(10, 'Mobile', 'A good quality product with excellent fablric and design. Inline with the current trends.Reasonable price which will be helpful for college students students enrolled to the university as well as graduate students. Easy to contact the seller of the product. Contact details of the seller provided along with the chat functionality.', 'assests/img/mobile_1.jpg', 'Mobiles', 100, 'New', 2017, '2 Years', 'Black', 'Samsung', 'Yes'),
(11, 'Mobile', 'A good quality product with excellent fablric and design. Inline with the current trends.Reasonable price which will be helpful for college students students enrolled to the university as well as graduate students. Easy to contact the seller of the product. Contact details of the seller provided along with the chat functionality.', 'assests/img/mobile_2.jpg', 'Mobiles', 50, 'New', 2017, '2 Years', 'White', 'iPhone', 'Yes'),
(12, 'Mobile', 'A good quality product with excellent fablric and design. Inline with the current trends.Reasonable price which will be helpful for college students students enrolled to the university as well as graduate students. Easy to contact the seller of the product. Contact details of the seller provided along with the chat functionality.', 'assests/img/mobile_3.jpg', 'Mobiles', 250, 'New', 2017, '2 Years', 'Black', 'Samsung', 'Yes'),
(13, 'Mobile', 'A good quality product with excellent fablric and design. Inline with the current trends.Reasonable price which will be helpful for college students students enrolled to the university as well as graduate students. Easy to contact the seller of the product. Contact details of the seller provided along with the chat functionality.', 'assests/img/mobile_4.jpg', 'Mobiles', 600, 'New', 2017, '2 Years', 'Black', 'Nokia', 'Yes'),
(14, 'Mobile', 'A good quality product with excellent fablric and design. Inline with the current trends.Reasonable price which will be helpful for college students students enrolled to the university as well as graduate students. Easy to contact the seller of the product. Contact details of the seller provided along with the chat functionality.', 'assests/img/mobile_5.jpg', 'Mobiles', 750, 'New', 2017, '2 Years', 'White', 'Samsung', 'Yes'),
(15, 'Mobile', 'A good quality product with excellent fablric and design. Inline with the current trends.Reasonable price which will be helpful for college students students enrolled to the university as well as graduate students. Easy to contact the seller of the product. Contact details of the seller provided along with the chat functionality.', 'assests/img/mobile_6.jpg', 'Mobiles', 200, 'New', 2017, '2 Years', 'Black', 'Samsung', 'Yes'),
(16, 'Mobile', 'A good quality product with excellent fablric and design. Inline with the current trends.Reasonable price which will be helpful for college students students enrolled to the university as well as graduate students. Easy to contact the seller of the product. Contact details of the seller provided along with the chat functionality.', 'assests/img/mobile_7.jpg', 'Mobiles', 500, 'New', 2017, '2 Years', 'Black', 'Samsung', 'Yes'),
(17, 'Mobile', 'A good quality product with excellent fablric and design. Inline with the current trends.Reasonable price which will be helpful for college students students enrolled to the university as well as graduate students. Easy to contact the seller of the product. Contact details of the seller provided along with the chat functionality.', 'assests/img/mobile_8.jpg', 'Mobiles', 550, 'New', 2017, '2 Years', 'Black', 'Samsung', 'Yes'),
(18, 'Mobile', 'A good quality product with excellent fablric and design. Inline with the current trends.Reasonable price which will be helpful for college students students enrolled to the university as well as graduate students. Easy to contact the seller of the product. Contact details of the seller provided along with the chat functionality.', 'assests/img/mobile_9.jpg', 'Mobiles', 800, 'New', 2017, '2 Years', 'Black', 'Samsung', 'Yes'),
(19, 'TV', 'A good quality product with excellent fablric and design. Inline with the current trends.Reasonable price which will be helpful for college students students enrolled to the university as well as graduate students. Easy to contact the seller of the product. Contact details of the seller provided along with the chat functionality.', 'assests/img/others_1.jpg', 'Others', 2000, 'New', 2017, '2 Years', 'Black', 'Samsung', 'Yes'),
(20, 'Mobile charger', 'A good quality product with excellent fablric and design. Inline with the current trends.Reasonable price which will be helpful for college students students enrolled to the university as well as graduate students. Easy to contact the seller of the product. Contact details of the seller provided along with the chat functionality.', 'assests/img/others_2.jpg', 'Others', 5, 'New', 2017, '2 Years', 'Black', 'Samsung', 'Yes'),
(21, 'Camera', 'A good quality product with excellent fablric and design. Inline with the current trends.Reasonable price which will be helpful for college students students enrolled to the university as well as graduate students. Easy to contact the seller of the product. Contact details of the seller provided along with the chat functionality.', 'assests/img/others_3.jpg', 'Others', 50, 'New', 2017, '2 Years', 'Black', 'Canon', 'Yes'),
(22, 'Microwave', 'A good quality product with excellent fablric and design. Inline with the current trends.Reasonable price which will be helpful for college students students enrolled to the university as well as graduate students. Easy to contact the seller of the product. Contact details of the seller provided along with the chat functionality.', 'assests/img/others_4.jpg', 'Others', 100, 'New', 2017, '2 Years', 'Black', 'APG', 'Yes'),
(23, 'AC', 'A good quality product with excellent fablric and design. Inline with the current trends.Reasonable price which will be helpful for college students students enrolled to the university as well as graduate students. Easy to contact the seller of the product. Contact details of the seller provided along with the chat functionality.', 'assests/img/others_5.jpg', 'Others', 700, 'New', 2017, '2 Years', 'White', 'Lennox', 'Yes'),
(24, 'Mixer', 'A good quality product with excellent fablric and design. Inline with the current trends.Reasonable price which will be helpful for college students students enrolled to the university as well as graduate students. Easy to contact the seller of the product. Contact details of the seller provided along with the chat functionality.', 'assests/img/others_6.jpg', 'Others', 20, 'New', 2017, '2 Years', 'Red', 'Kenwood', 'Yes'),
(25, 'Hair-Dryer', 'A good quality product with excellent fablric and design. Inline with the current trends.Reasonable price which will be helpful for college students students enrolled to the university as well as graduate students. Easy to contact the seller of the product. Contact details of the seller provided along with the chat functionality.', 'assests/img/others_7.jpg', 'Others', 80, 'New', 2017, '2 Years', 'Black', 'Connair', 'Yes'),
(27, 'Hair Straightener', 'A good quality product with excellent fablric and design. Inline with the current trends.Reasonable price which will be helpful for college students students enrolled to the university as well as graduate students. Easy to contact the seller of the product. Contact details of the seller provided along with the chat functionality.', 'assests/img/others_8.jpg', 'Others', 300, 'New', 2017, '2 Years', 'Black', 'Phillips', 'Yes'),
(28, 'Earphones', 'A good quality product with excellent fablric and design. Inline with the current trends.Reasonable price which will be helpful for college students students enrolled to the university as well as graduate students. Easy to contact the seller of the product. Contact details of the seller provided along with the chat functionality.', 'assests/img/others_9.jpg', 'Others', 15, 'New', 2017, '2 Years', 'Black', 'Samsung', 'Yes'),
(29, 'Laptop', 'A good quality product with excellent fablric and design. Inline with the current trends.Reasonable price which will be helpful for college students students enrolled to the university as well as graduate students. Easy to contact the seller of the product. Contact details of the seller provided along with the chat functionality.', 'assests/img/laptop_2.jpg', 'Laptops', 500, 'New', 2016, '2 Years', 'Red', 'HP', 'Yes');

-- --------------------------------------------------------

--
-- Table structure for table `fashion_details`
--

CREATE TABLE `fashion_details` (
  `fashion_id` int(11) NOT NULL,
  `prod_name` varchar(45) NOT NULL,
  `prod_desc` varchar(500) NOT NULL,
  `picture` varchar(45) NOT NULL,
  `sub_category` varchar(45) NOT NULL,
  `price` int(11) NOT NULL,
  `prod_condition` varchar(45) NOT NULL,
  `purchase_date` int(45) NOT NULL,
  `size` varchar(45) NOT NULL,
  `color` varchar(45) NOT NULL,
  `brand` varchar(45) NOT NULL,
  `fabric` varchar(45) NOT NULL,
  `user_id` int(11) NOT NULL
) ENGINE=InnoDB DEFAULT CHARSET=latin1;

--
-- Dumping data for table `fashion_details`
--

INSERT INTO `fashion_details` (`fashion_id`, `prod_name`, `prod_desc`, `picture`, `sub_category`, `price`, `prod_condition`, `purchase_date`, `size`, `color`, `brand`, `fabric`, `user_id`) VALUES
(7, 'Top', 'A good quality product with excellent fablric and design. Inline with the current trends.Reasonable price which will be helpful for college students students enrolled to the university as well as graduate students. Easy to contact the seller of the product. Contact details of the seller provided along with the chat functionality.', 'assests/img/blue_top_1.jpg', 'Tops', 8, 'old', 2013, 'XS', 'Blue', 'Only', 'leather', 2),
(8, 'Jeans', 'A good quality product with excellent fablric and design. Inline with the current trends.Reasonable price which will be helpful for college students students enrolled to the university as well as graduate students. Easy to contact the seller of the product. Contact details of the seller provided along with the chat functionality.', 'assests/img/white_jeans_8.jpg', 'Jeans', 40, 'old', 2013, 'S', 'White', 'Only', 'Jeans', 3),
(9, 'Shoes', 'A good quality product with excellent fablric and design. Inline with the current trends.Reasonable price which will be helpful for college students students enrolled to the university as well as graduate students. Easy to contact the seller of the product. Contact details of the seller provided along with the chat functionality.', 'assests/img/red_shoes_9.jpg', 'Shoes', 50, 'old', 2012, 'L', 'Red', 'Puma', 'Leather', 3),
(10, 'Bag', 'A good quality product with excellent fablric and design. Inline with the current trends.Reasonable price which will be helpful for college students students enrolled to the university as well as graduate students. Easy to contact the seller of the product. Contact details of the seller provided along with the chat functionality.', 'assests/img/bag_5.jpg', 'Bags', 120, 'new', 2017, 'XL', 'Yellow', 'Baggit', 'Leather', 4),
(11, 'Accessories', 'A good quality product with excellent fablric and design. Inline with the current trends.Reasonable price which will be helpful for college students students enrolled to the university as well as graduate students. Easy to contact the seller of the product. Contact details of the seller provided along with the chat functionality.', 'assests/img/accessories_3.jpg', 'Accessories', 100, 'old', 2016, 'S', 'Blue', 'Baggit', 'Leather', 5),
(12, 'Bag', 'A good quality product with excellent fablric and design. Inline with the current trends.Reasonable price which will be helpful for college students students enrolled to the university as well as graduate students. Easy to contact the seller of the product. Contact details of the seller provided along with the chat functionality.', 'assests/img/bag_2.jpg', 'Bags', 60, 'new', 2017, 'M', 'Red', 'Baggit', 'Leather', 5),
(13, 'Top', 'A good quality product with excellent fablric and design. Inline with the current trends.Reasonable price which will be helpful for college students students enrolled to the university as well as graduate students. Easy to contact the seller of the product. Contact details of the seller provided along with the chat functionality.', 'assests/img/black_top_8.jpg', 'Tops', 140, 'old', 2013, 'XL', 'Black', 'Levis', 'Silk', 5),
(14, 'Shoes', 'A good quality product with excellent fablric and design. Inline with the current trends.Reasonable price which will be helpful for college students students enrolled to the university as well as graduate students. Easy to contact the seller of the product. Contact details of the seller provided along with the chat functionality.', 'assests/img/green_shoes_9.jpg', 'Shoes', 140, 'old', 2013, 'L', 'Green', 'Puma', 'Leather', 5),
(15, 'Jeans', 'A good quality product with excellent fablric and design. Inline with the current trends.Reasonable price which will be helpful for college students students enrolled to the university as well as graduate students. Easy to contact the seller of the product. Contact details of the seller provided along with the chat functionality.', 'assests/img/red_jeans_5.jpg', 'Jeans', 80, 'old', 2013, 'S', 'Red', 'Levis', 'Leather', 4),
(16, 'Accessories', 'A good quality product with excellent fablric and design. Inline with the current trends.Reasonable price which will be helpful for college students students enrolled to the university as well as graduate students. Easy to contact the seller of the product. Contact details of the seller provided along with the chat functionality.', 'assests/img/accessories_11.jpg', 'Accessories', 550, 'new', 2016, 'S', 'Green', 'Levis', 'Leather', 6),
(17, 'Jacket', 'A good quality product with excellent fablric and design. Inline with the current trends.Reasonable price which will be helpful for college students students enrolled to the university as well as graduate students. Easy to contact the seller of the product. Contact details of the seller provided along with the chat functionality.', 'assests/img/yellow_jacket_5.jpg', 'Jackets', 510, 'new', 2017, 'XL', 'Yellow', 'Levis', 'Leather', 6),
(18, 'Shoes', 'A good quality product with excellent fablric and design. Inline with the current trends.Reasonable price which will be helpful for college students students enrolled to the university as well as graduate students. Easy to contact the seller of the product. Contact details of the seller provided along with the chat functionality.', 'assests/img/white_shoes_2.jpg', 'Shoes', 40, 'old', 2015, 'L', 'White', 'Levis', 'Leather', 7),
(19, 'Bags', 'A good quality product with excellent fablric and design. Inline with the current trends.Reasonable price which will be helpful for college students students enrolled to the university as well as graduate students. Easy to contact the seller of the product. Contact details of the seller provided along with the chat functionality.', 'assests/img/bag_6.jpg', 'Bags', 80, 'old', 2015, 'L', 'Blue', 'Levis', 'Leather', 7),
(20, 'Jeans', 'A good quality product with excellent fablric and design. Inline with the current trends.Reasonable price which will be helpful for college students students enrolled to the university as well as graduate students. Easy to contact the seller of the product. Contact details of the seller provided along with the chat functionality.', 'assests/img/yellow_jeans_8.jpg', 'Jeans', 30, 'new', 2017, 'M', 'Yellow', 'Levis', 'Leather', 7),
(21, 'Top', 'A good quality product with excellent fablric and design. Inline with the current trends.Reasonable price which will be helpful for college students students enrolled to the university as well as graduate students. Easy to contact the seller of the product. Contact details of the seller provided along with the chat functionality.', 'assests/img/green_top_4.jpg', 'Tops', 520, 'new', 2017, 'XL', 'Green', 'Levis', 'Leather', 8),
(22, 'Accessories', 'A good quality product with excellent fablric and design. Inline with the current trends.Reasonable price which will be helpful for college students students enrolled to the university as well as graduate students. Easy to contact the seller of the product. Contact details of the seller provided along with the chat functionality.', 'assests/img/accessories_2.jpg', 'Accessories', 8, 'new', 2016, 'XS', 'Red', 'Levis', 'Leather', 8),
(23, 'Jacket', 'A good quality product with excellent fablric and design. Inline with the current trends.Reasonable price which will be helpful for college students students enrolled to the university as well as graduate students. Easy to contact the seller of the product. Contact details of the seller provided along with the chat functionality.', 'assests/img/white_jacket_7.jpg', 'Jackets', 110, 'old', 2015, 'XS', 'White', 'Levis', 'Leather', 8),
(24, 'Bag', 'A good quality product with excellent fablric and design. Inline with the current trends.Reasonable price which will be helpful for college students students enrolled to the university as well as graduate students. Easy to contact the seller of the product. Contact details of the seller provided along with the chat functionality.', 'assests/img/bag_1.jpg', 'Bags', 110, 'new', 2014, 'XS', 'Blue', 'Levis', 'Leather', 8),
(25, 'Jeans', 'A good quality product with excellent fablric and design. Inline with the current trends.Reasonable price which will be helpful for college students students enrolled to the university as well as graduate students. Easy to contact the seller of the product. Contact details of the seller provided along with the chat functionality.', 'assests/img/black_jeans_5.jpg', 'Jeans', 45, 'old', 2014, 'M', 'Black', 'Levis', 'Leather', 8),
(26, 'Top', 'A good quality product with excellent fablric and design. Inline with the current trends.Reasonable price which will be helpful for college students students enrolled to the university as well as graduate students. Easy to contact the seller of the product. Contact details of the seller provided along with the chat functionality.', 'assests/img/yellow_top_2.jpg', 'Tops', 7, 'old', 2013, 'L', 'Yellow', 'Levis', 'Leather', 8),
(27, 'Accessories', 'A good quality product with excellent fablric and design. Inline with the current trends.Reasonable price which will be helpful for college students students enrolled to the university as well as graduate students. Easy to contact the seller of the product. Contact details of the seller provided along with the chat functionality.', 'assests/img/accessories_5.jpg', 'Accessories', 55, 'new', 2015, 'S', 'Black', 'Levis', 'Leather', 8),
(28, 'Shoes', 'A good quality product with excellent fablric and design. Inline with the current trends.Reasonable price which will be helpful for college students students enrolled to the university as well as graduate students. Easy to contact the seller of the product. Contact details of the seller provided along with the chat functionality.', 'assests/img/blue_shoes_1.jpg', 'Shoes', 30, 'new', 2017, 'XS', 'Blue', 'Levis', 'Leather', 8),
(29, 'Bag', 'A good quality product with excellent fablric and design. Inline with the current trends.Reasonable price which will be helpful for college students students enrolled to the university as well as graduate students. Easy to contact the seller of the product. Contact details of the seller provided along with the chat functionality.', 'assests/img/bag_3.jpg', 'Bags', 5, 'old', 2012, 'XS', 'Black', 'Levis', 'Leather', 8),
(30, 'Jacket', 'A good quality product with excellent fablric and design. Inline with the current trends.Reasonable price which will be helpful for college students students enrolled to the university as well as graduate students. Easy to contact the seller of the product. Contact details of the seller provided along with the chat functionality.', 'assests/img/red_jacket_1.jpg', 'Jackets', 9, 'new', 2016, 'XL', 'Red', 'Levis', 'Leather', 8),
(31, 'Top', 'A good quality product with excellent fablric and design. Inline with the current trends.Reasonable price which will be helpful for college students students enrolled to the university as well as graduate students. Easy to contact the seller of the product. Contact details of the seller provided along with the chat functionality.', 'assests/img/green_top_5.jpg', 'Tops', 9, 'new', 2016, 'M', 'Green', 'Levis', 'Leather', 9),
(32, 'Jeans', 'A good quality product with excellent fablric and design. Inline with the current trends.Reasonable price which will be helpful for college students students enrolled to the university as well as graduate students. Easy to contact the seller of the product. Contact details of the seller provided along with the chat functionality.', 'assests/img/blue_jeans_5.jpg', 'Jeans', 80, 'old', 2014, 'M', 'Blue', 'Levis', 'Leather', 8),
(33, 'Shoes', 'A good quality product with excellent fablric and design. Inline with the current trends.Reasonable price which will be helpful for college students students enrolled to the university as well as graduate students. Easy to contact the seller of the product. Contact details of the seller provided along with the chat functionality.', 'assests/img/yellow_shoes_7.jpg', 'Shoes', 30, 'new', 2015, 'L', 'Yellow', 'Levis', 'Leather', 9),
(34, 'Jacket', 'A good quality product with excellent fablric and design. Inline with the current trends.Reasonable price which will be helpful for college students students enrolled to the university as well as graduate students. Easy to contact the seller of the product. Contact details of the seller provided along with the chat functionality.', 'assests/img/white_jacket_2.jpg', 'Jackets', 510, 'old', 2012, 'S', 'White', 'Levis', 'Leather', 8),
(35, 'Accessories', 'A good quality product with excellent fablric and design. Inline with the current trends.Reasonable price which will be helpful for college students students enrolled to the university as well as graduate students. Easy to contact the seller of the product. Contact details of the seller provided along with the chat functionality.', 'assests/img/accessories_1.jpg', 'Accessories', 3, 'old', 2000, 'L', 'Red', 'Levis', 'Leather', 8),
(36, 'Jeans', 'A good quality product with excellent fablric and design. Inline with the current trends.Reasonable price which will be helpful for college students students enrolled to the university as well as graduate students. Easy to contact the seller of the product. Contact details of the seller provided along with the chat functionality.', 'assests/img/yellow_jeans_3.jpg', 'Jeans', 150, 'old', 2012, 'L', 'Yellow', 'Levis', 'Leather', 8),
(37, 'Shoes', 'A good quality product with excellent fablric and design. Inline with the current trends.Reasonable price which will be helpful for college students students enrolled to the university as well as graduate students. Easy to contact the seller of the product. Contact details of the seller provided along with the chat functionality.', 'assests/img/blue_shoes_4.jpg', 'Shoes', 40, 'new', 2017, 'L', 'Blue', 'Levis', 'Leather', 8),
(38, 'Top', 'A good quality product with excellent fablric and design. Inline with the current trends.Reasonable price which will be helpful for college students students enrolled to the university as well as graduate students. Easy to contact the seller of the product. Contact details of the seller provided along with the chat functionality.', 'assests/img/red_top_3.jpg', 'Tops', 530, 'new', 2017, 'S', 'Red', 'Levis', 'Leather', 8),
(39, 'Bag', 'A good quality product with excellent fablric and design. Inline with the current trends.Reasonable price which will be helpful for college students students enrolled to the university as well as graduate students. Easy to contact the seller of the product. Contact details of the seller provided along with the chat functionality.', 'assests/img/bag_9.jpg', 'Bags', 70, 'old', 2014, 'S', 'Blue', 'Levis', 'Leather', 8),
(40, 'Top', 'A good quality product with excellent fablric and design. Inline with the current trends.Reasonable price which will be helpful for college students students enrolled to the university as well as graduate students. Easy to contact the seller of the product. Contact details of the seller provided along with the chat functionality.', 'assests/img/blue_top_2.jpg', 'Tops', 200, 'new', 2017, 'M', 'Blue', 'Levis', 'Leather', 8),
(41, 'Jacket', 'A good quality product with excellent fablric and design. Inline with the current trends.Reasonable price which will be helpful for college students students enrolled to the university as well as graduate students. Easy to contact the seller of the product. Contact details of the seller provided along with the chat functionality.', 'assests/img/green_jacket_1.jpg', 'Jackets', 60, 'old', 2011, 'L', 'Green', 'Levis', 'Leather', 10),
(42, 'Bag', 'A good quality product with excellent fablric and design. Inline with the current trends.Reasonable price which will be helpful for college students students enrolled to the university as well as graduate students. Easy to contact the seller of the product. Contact details of the seller provided along with the chat functionality.', 'assests/img/bag_7.jpg', 'Bags', 7, 'old', 2014, 'XL', 'Red', 'Levis', 'Leather', 11),
(43, 'Jeans', 'A good quality product with excellent fablric and design. Inline with the current trends.Reasonable price which will be helpful for college students students enrolled to the university as well as graduate students. Easy to contact the seller of the product. Contact details of the seller provided along with the chat functionality.', 'assests/img/blue_jeans_3.jpg', 'Jeans', 200, 'new', 2016, 'S', 'Blue', 'Levis', 'Leather', 12),
(44, 'Accessories', 'A good quality product with excellent fablric and design. Inline with the current trends.Reasonable price which will be helpful for college students students enrolled to the university as well as graduate students. Easy to contact the seller of the product. Contact details of the seller provided along with the chat functionality.', 'assests/img/accessories_10.jpg', 'Accessories', 600, 'old', 2009, 'XS', 'Blue', 'Baggit', 'Leather', 13),
(45, 'Top', 'A good quality product with excellent fablric and design. Inline with the current trends.Reasonable price which will be helpful for college students students enrolled to the university as well as graduate students. Easy to contact the seller of the product. Contact details of the seller provided along with the chat functionality.', 'assests/img/yellow_top_1.jpg', 'Tops', 8, 'old', 2015, 'L', 'Yellow', 'Levis', 'Leather', 14),
(46, 'Bag', 'A good quality product with excellent fablric and design. Inline with the current trends.Reasonable price which will be helpful for college students students enrolled to the university as well as graduate students. Easy to contact the seller of the product. Contact details of the seller provided along with the chat functionality.', 'assests/img/bag_10.jpg', 'Bags', 60, 'old', 2012, 'S', 'White', 'Levis', 'Leather', 14),
(47, 'Shoes', 'A good quality product with excellent fablric and design. Inline with the current trends.Reasonable price which will be helpful for college students students enrolled to the university as well as graduate students. Easy to contact the seller of the product. Contact details of the seller provided along with the chat functionality.', 'assests/img/red_shoes_7.jpg', 'Shoes', 580, 'new', 2017, 'L', 'Red', 'Levis', 'Leather', 15),
(48, 'Top', 'A good quality product with excellent fablric and design. Inline with the current trends.Reasonable price which will be helpful for college students students enrolled to the university as well as graduate students. Easy to contact the seller of the product. Contact details of the seller provided along with the chat functionality.', 'assests/img/white_top_4.jpg', 'Tops ', 540, 'new', 2015, 'XS', 'White', 'Levis', 'Leather', 14),
(49, 'Jacket', 'A good quality product with excellent fablric and design. Inline with the current trends.Reasonable price which will be helpful for college students students enrolled to the university as well as graduate students. Easy to contact the seller of the product. Contact details of the seller provided along with the chat functionality.', 'assests/img/green_jacket_6.jpg', 'Jackets', 150, 'old', 2014, 'XL', 'Green', 'Levis', 'Leather', 15),
(50, 'Jacket', 'A good quality product with excellent fablric and design. Inline with the current trends.Reasonable price which will be helpful for college students students enrolled to the university as well as graduate students. Easy to contact the seller of the product. Contact details of the seller provided along with the chat functionality.', 'assests/img/black_jacket_6.jpg', 'Jackets', 70, 'new', 2016, 'L', 'Black', 'Levis', 'Leather', 15),
(51, 'Jacket', 'A good quality product with excellent fablric and design. Inline with the current trends.Reasonable price which will be helpful for college students students enrolled to the university as well as graduate students. Easy to contact the seller of the product. Contact details of the seller provided along with the chat functionality.', 'assests/img/yellow_jacket_9.jpg', 'Jackets', 110, 'new', 2015, 'S', 'Yellow', 'Levis', 'Leather', 14),
(52, 'Jeans', 'A good quality product with excellent fablric and design. Inline with the current trends.Reasonable price which will be helpful for college students students enrolled to the university as well as graduate students. Easy to contact the seller of the product. Contact details of the seller provided along with the chat functionality.', 'assests/img/green_jeans_9.jpg', 'Jeans', 50, 'new', 2016, 'S', 'Green', 'Levis', 'Leather', 12),
(53, 'Jeans', 'A good quality product with excellent fablric and design. Inline with the current trends.Reasonable price which will be helpful for college students students enrolled to the university as well as graduate students. Easy to contact the seller of the product. Contact details of the seller provided along with the chat functionality.', 'assests/img/black_jeans_7.jpg', 'Jeans', 510, 'old', 2014, 'M', 'Black', 'Levis', 'Leather', 12),
(54, 'Shoes', 'A good quality product with excellent fablric and design. Inline with the current trends.Reasonable price which will be helpful for college students students enrolled to the university as well as graduate students. Easy to contact the seller of the product. Contact details of the seller provided along with the chat functionality.', 'assests/img/black_shoes_6.jpg', 'Shoes', 30, 'new', 2017, 'XS', 'Black', 'Levis', 'Leather', 15),
(55, 'Shoes', 'A good quality product with excellent fablric and design. Inline with the current trends.Reasonable price which will be helpful for college students students enrolled to the university as well as graduate students. Easy to contact the seller of the product. Contact details of the seller provided along with the chat functionality.', 'assests/img/green_shoes_4.jpg', 'Shoes', 200, 'new', 2014, 'S', 'Green', 'Levis', 'Leather', 10),
(56, 'Bag', 'A good quality product with excellent fablric and design. Inline with the current trends.Reasonable price which will be helpful for college students students enrolled to the university as well as graduate students. Easy to contact the seller of the product. Contact details of the seller provided along with the chat functionality.', 'assests/img/bag_11.jpg', 'Bags', 120, 'old', 2014, 'M', 'Green', 'Levis', 'Leather', 16),
(57, 'Accessories', 'A good quality product with excellent fablric and design. Inline with the current trends.Reasonable price which will be helpful for college students students enrolled to the university as well as graduate students. Easy to contact the seller of the product. Contact details of the seller provided along with the chat functionality.', 'assests/img/accessories_12.jpg', 'Accessories', 20, 'old', 2013, 'L', 'White', 'Levis', 'Leather', 12),
(58, 'Accessories', 'A good quality product with excellent fablric and design. Inline with the current trends.Reasonable price which will be helpful for college students students enrolled to the university as well as graduate students. Easy to contact the seller of the product. Contact details of the seller provided along with the chat functionality.', 'assests/img/accessories_13.jpg', 'Accessories', 180, 'new', 2016, 'M', 'Red', 'Levis', 'Leather', 16),
(59, 'Accessories', 'A good quality product with excellent fablric and design. Inline with the current trends.Reasonable price which will be helpful for college students students enrolled to the university as well as graduate students. Easy to contact the seller of the product. Contact details of the seller provided along with the chat functionality.', 'assests/img/accessories_14.jpg', 'Accessories', 20, 'new', 2016, 'XS', 'Yellow', 'Levis', 'Leather', 16),
(60, 'Jacket', 'A good quality product with excellent fablric and design. Inline with the current trends.Reasonable price which will be helpful for college students students enrolled to the university as well as graduate students. Easy to contact the seller of the product. Contact details of the seller provided along with the chat functionality.', 'assests/img/black_jacket_8.jpg', 'Jackets', 70, 'new', 2016, 'XL', 'Black', 'Levis', 'Leather', 16),
(61, 'Top', 'A good quality product with excellent fablric and design. Inline with the current trends.Reasonable price which will be helpful for college students students enrolled to the university as well as graduate students. Easy to contact the seller of the product. Contact details of the seller provided along with the chat functionality.', 'assests/img/white_top_1.jpg', 'Tops', 15, 'new', 2016, 'S', 'White', 'Levis', 'Leather', 8),
(62, 'Jeans', 'A good quality product with excellent fablric and design. Inline with the current trends.Reasonable price which will be helpful for college students students enrolled to the university as well as graduate students. Easy to contact the seller of the product. Contact details of the seller provided along with the chat functionality.', 'assests/img/white_jeans_2.jpg', 'Jeans', 17, 'new', 2013, 'XL', 'White', 'Levis', 'Leather', 18),
(63, 'Jacket', 'A good quality product with excellent fablric and design. Inline with the current trends.Reasonable price which will be helpful for college students students enrolled to the university as well as graduate students. Easy to contact the seller of the product. Contact details of the seller provided along with the chat functionality.', 'assests/img/black_jacket_1.jpg', 'Jackets', 100, 'new', 2017, 'M', 'Black', 'Only', 'leather', 1);

-- --------------------------------------------------------

--
-- Table structure for table `furniture_details`
--

CREATE TABLE `furniture_details` (
  `furniture_id` int(11) NOT NULL,
  `prod_name` varchar(45) NOT NULL,
  `prod_desc` varchar(600) NOT NULL,
  `picture` varchar(45) NOT NULL,
  `sub_category` varchar(45) NOT NULL,
  `price` int(9) NOT NULL,
  `prod_condition` varchar(45) NOT NULL,
  `purchase_date` int(9) NOT NULL,
  `color` varchar(45) NOT NULL,
  `fabric` varchar(45) NOT NULL,
  `brand` varchar(45) NOT NULL,
  `user_id` int(9) NOT NULL
) ENGINE=InnoDB DEFAULT CHARSET=latin1;

--
-- Dumping data for table `furniture_details`
--

INSERT INTO `furniture_details` (`furniture_id`, `prod_name`, `prod_desc`, `picture`, `sub_category`, `price`, `prod_condition`, `purchase_date`, `color`, `fabric`, `brand`, `user_id`) VALUES
(1, 'Sofa', 'A good quality product with excellent fablric and design. Inline with the current trends.Reasonable price which will be helpful for college students students enrolled to the university as well as graduate students. Easy to contact the seller of the product. Contact details of the seller provided along with the chat functionality.', 'assests/img/living_1.jpg', 'Living', 500, 'Old', 2013, 'Brown', 'Silk', 'Lazar', 1),
(2, 'Bed', 'A good quality product with excellent fablric and design. Inline with the current trends.Reasonable price which will be helpful for college students students enrolled to the university as well as graduate students. Easy to contact the seller of the product. Contact details of the seller provided along with the chat functionality.', 'assests/img/bed_1.jpg', 'Bedroom', 300, 'Old', 2013, 'Brown', 'Silk', 'Lazar', 1),
(3, 'Chair', 'A good quality product with excellent fablric and design. Inline with the current trends.Reasonable price which will be helpful for college students students enrolled to the university as well as graduate students. Easy to contact the seller of the product. Contact details of the seller provided along with the chat functionality.', 'assests/img/furniture_others_1.jpg', 'Others', 150, 'Old', 2013, 'Brown', 'Silk', 'Lazar', 1),
(4, 'Sofa', 'A good quality product with excellent fablric and design. Inline with the current trends.Reasonable price which will be helpful for college students students enrolled to the university as well as graduate students. Easy to contact the seller of the product. Contact details of the seller provided along with the chat functionality.', 'assests/img/living_2.jpg', 'Living', 500, 'Old', 2013, 'Brown', 'Silk', 'Lazar', 1),
(5, 'Bed', 'A good quality product with excellent fablric and design. Inline with the current trends.Reasonable price which will be helpful for college students students enrolled to the university as well as graduate students. Easy to contact the seller of the product. Contact details of the seller provided along with the chat functionality.', 'assests/img/bed_2.jpg', 'Bedroom', 120, 'Old', 2013, 'Brown', 'Silk', 'Lazar', 1),
(6, 'Chair', 'A good quality product with excellent fablric and design. Inline with the current trends.Reasonable price which will be helpful for college students students enrolled to the university as well as graduate students. Easy to contact the seller of the product. Contact details of the seller provided along with the chat functionality.', 'assests/img/furniture_others_2.jpg', 'Others', 120, 'Old', 2013, 'Brown', 'Silk', 'Lazar', 1),
(7, 'Sofa', 'A good quality product with excellent fablric and design. Inline with the current trends.Reasonable price which will be helpful for college students students enrolled to the university as well as graduate students. Easy to contact the seller of the product. Contact details of the seller provided along with the chat functionality.', 'assests/img/living_3.jpg', 'Living', 180, 'Old', 2013, 'Brown', 'Silk', 'Lazar', 1),
(8, 'Bed', 'A good quality product with excellent fablric and design. Inline with the current trends.Reasonable price which will be helpful for college students students enrolled to the university as well as graduate students. Easy to contact the seller of the product. Contact details of the seller provided along with the chat functionality.', 'assests/img/bed_3.jpg', 'Bedroom', 520, 'Old', 2013, 'Brown', 'Silk', 'Lazar', 1),
(9, 'Chair', 'A good quality product with excellent fablric and design. Inline with the current trends.Reasonable price which will be helpful for college students students enrolled to the university as well as graduate students. Easy to contact the seller of the product. Contact details of the seller provided along with the chat functionality.', 'assests/img/furniture_others_3.jpg', 'Others', 30, 'Old', 2013, 'Brown', 'Silk', 'Lazar', 1),
(10, 'Sofa', 'A good quality product with excellent fablric and design. Inline with the current trends.Reasonable price which will be helpful for college students students enrolled to the university as well as graduate students. Easy to contact the seller of the product. Contact details of the seller provided along with the chat functionality.', 'assests/img/living_4.jpg', 'Living', 110, 'Old', 2013, 'Brown', 'Silk', 'Lazar', 1),
(11, 'Bed', 'A good quality product with excellent fablric and design. Inline with the current trends.Reasonable price which will be helpful for college students students enrolled to the university as well as graduate students. Easy to contact the seller of the product. Contact details of the seller provided along with the chat functionality.', 'assests/img/bed_4.jpg', 'Bedroom', 100, 'Old', 2013, 'Brown', 'Silk', 'Lazar', 1),
(12, 'Table', 'A good quality product with excellent fablric and design. Inline with the current trends.Reasonable price which will be helpful for college students students enrolled to the university as well as graduate students. Easy to contact the seller of the product. Contact details of the seller provided along with the chat functionality.', 'assests/img/furniture_others_4.jpg', 'Others', 300, 'Old', 2013, 'Brown', 'Silk', 'Lazar', 1),
(13, 'Sofa', 'A good quality product with excellent fablric and design. Inline with the current trends.Reasonable price which will be helpful for college students students enrolled to the university as well as graduate students. Easy to contact the seller of the product. Contact details of the seller provided along with the chat functionality.', 'assests/img/living_5.jpg', 'Living', 80, 'Old', 2013, 'Brown', 'Silk', 'Lazar', 1),
(14, 'Bed', 'A good quality product with excellent fablric and design. Inline with the current trends.Reasonable price which will be helpful for college students students enrolled to the university as well as graduate students. Easy to contact the seller of the product. Contact details of the seller provided along with the chat functionality.', 'assests/img/bed_5.jpg', 'Bedroom', 70, 'Old', 2013, 'Brown', 'Silk', 'Lazar', 1),
(15, 'Chair', 'A good quality product with excellent fablric and design. Inline with the current trends.Reasonable price which will be helpful for college students students enrolled to the university as well as graduate students. Easy to contact the seller of the product. Contact details of the seller provided along with the chat functionality.', 'assests/img/furniture_others_5.jpg', 'Others', 200, 'Old', 2013, 'Blue', 'Silk', 'Lazar', 1),
(16, 'Sofa', 'A good quality product with excellent fablric and design. Inline with the current trends.Reasonable price which will be helpful for college students students enrolled to the university as well as graduate students. Easy to contact the seller of the product. Contact details of the seller provided along with the chat functionality.', 'assests/img/living_6.jpg', 'Living', 710, 'Old', 2013, 'Brown', 'Silk', 'Lazar', 1),
(17, 'Bed', 'A good quality product with excellent fablric and design. Inline with the current trends.Reasonable price which will be helpful for college students students enrolled to the university as well as graduate students. Easy to contact the seller of the product. Contact details of the seller provided along with the chat functionality.', 'assests/img/bed_6.jpg', 'Bedroom', 70, 'Old', 2013, 'Brown', 'Silk', 'Lazar', 1),
(18, 'Swing', 'A good quality product with excellent fablric and design. Inline with the current trends.Reasonable price which will be helpful for college students students enrolled to the university as well as graduate students. Easy to contact the seller of the product. Contact details of the seller provided along with the chat functionality.', 'assests/img/furniture_others_6.jpg', 'Others', 200, 'Old', 2013, 'Brown', 'Silk', 'Lazar', 1),
(19, 'Sofa', 'A good quality product with excellent fablric and design. Inline with the current trends.Reasonable price which will be helpful for college students students enrolled to the university as well as graduate students. Easy to contact the seller of the product. Contact details of the seller provided along with the chat functionality.', 'assests/img/living_7.jpg', 'Living', 120, 'Old', 2013, 'Brown', 'Silk', 'Lazar', 1),
(20, 'Bed', 'A good quality product with excellent fablric and design. Inline with the current trends.Reasonable price which will be helpful for college students students enrolled to the university as well as graduate students. Easy to contact the seller of the product. Contact details of the seller provided along with the chat functionality.', 'assests/img/bed_7.jpg', 'Bedroom', 20, 'Old', 2013, 'Brown', 'Silk', 'Lazar', 1),
(21, 'Chair', 'A good quality product with excellent fablric and design. Inline with the current trends.Reasonable price which will be helpful for college students students enrolled to the university as well as graduate students. Easy to contact the seller of the product. Contact details of the seller provided along with the chat functionality.', 'assests/img/furniture_others_7.jpg', 'Others', 200, 'Old', 2013, 'Brown', 'Silk', 'Lazar', 1),
(22, 'Sofa', 'A good quality product with excellent fablric and design. Inline with the current trends.Reasonable price which will be helpful for college students students enrolled to the university as well as graduate students. Easy to contact the seller of the product. Contact details of the seller provided along with the chat functionality.', 'assests/img/living_8.jpg', 'Living', 50, 'Old', 2013, 'Brown', 'Silk', 'Lazar', 1),
(23, 'Bed', 'A good quality product with excellent fablric and design. Inline with the current trends.Reasonable price which will be helpful for college students students enrolled to the university as well as graduate students. Easy to contact the seller of the product. Contact details of the seller provided along with the chat functionality.', 'assests/img/bed_8.jpg', 'Bedroom', 200, 'Old', 2013, 'Brown', 'Silk', 'Lazar', 1),
(24, 'Chair', 'A good quality product with excellent fablric and design. Inline with the current trends.Reasonable price which will be helpful for college students students enrolled to the university as well as graduate students. Easy to contact the seller of the product. Contact details of the seller provided along with the chat functionality.', 'assests/img/furniture_others_8.jpg', 'Others', 60, 'Old', 2013, 'Brown', 'Silk', 'Lazar', 1),
(25, 'Sofa', 'A good quality product with excellent fablric and design. Inline with the current trends.Reasonable price which will be helpful for college students students enrolled to the university as well as graduate students. Easy to contact the seller of the product. Contact details of the seller provided along with the chat functionality.', 'assests/img/living_9.jpg', 'Living', 300, 'Old', 2013, 'Brown', 'Silk', 'Lazar', 1),
(26, 'Bed', 'A good quality product with excellent fablric and design. Inline with the current trends.Reasonable price which will be helpful for college students students enrolled to the university as well as graduate students. Easy to contact the seller of the product. Contact details of the seller provided along with the chat functionality.', 'assests/img/bed_9.jpg', 'Bedroom', 100, 'Old', 2013, 'Brown', 'Silk', 'Lazar', 1),
(27, 'Table', 'A good quality product with excellent fablric and design. Inline with the current trends.Reasonable price which will be helpful for college students students enrolled to the university as well as graduate students. Easy to contact the seller of the product. Contact details of the seller provided along with the chat functionality.', 'assests/img/furniture_others_9.jpg', 'Others', 120, 'Old', 2013, 'Brown', 'Silk', 'Lazar', 1);

--
-- Indexes for dumped tables
--

--
-- Indexes for table `books_details`
--
ALTER TABLE `books_details`
  ADD PRIMARY KEY (`book_id`);

--
-- Indexes for table `electronics_details`
--
ALTER TABLE `electronics_details`
  ADD PRIMARY KEY (`user_id`);

--
-- Indexes for table `fashion_details`
--
ALTER TABLE `fashion_details`
  ADD PRIMARY KEY (`fashion_id`);

--
-- Indexes for table `furniture_details`
--
ALTER TABLE `furniture_details`
  ADD PRIMARY KEY (`furniture_id`);

--
-- AUTO_INCREMENT for dumped tables
--

--
-- AUTO_INCREMENT for table `books_details`
--
ALTER TABLE `books_details`
  MODIFY `book_id` int(11) NOT NULL AUTO_INCREMENT, AUTO_INCREMENT=28;
--
-- AUTO_INCREMENT for table `electronics_details`
--
ALTER TABLE `electronics_details`
  MODIFY `user_id` int(11) NOT NULL AUTO_INCREMENT, AUTO_INCREMENT=30;
--
-- AUTO_INCREMENT for table `fashion_details`
--
ALTER TABLE `fashion_details`
  MODIFY `fashion_id` int(11) NOT NULL AUTO_INCREMENT, AUTO_INCREMENT=64;
--
-- AUTO_INCREMENT for table `furniture_details`
--
ALTER TABLE `furniture_details`
  MODIFY `furniture_id` int(11) NOT NULL AUTO_INCREMENT, AUTO_INCREMENT=28;
/*!40101 SET CHARACTER_SET_CLIENT=@OLD_CHARACTER_SET_CLIENT */;
/*!40101 SET CHARACTER_SET_RESULTS=@OLD_CHARACTER_SET_RESULTS */;
/*!40101 SET COLLATION_CONNECTION=@OLD_COLLATION_CONNECTION */;
